year	title	doi	arxiv	sources	abstract
2026	Coupled Electro-Thermal Battery Emulator for Power Systems Testing	10.2139/ssrn.6304895		crossref	Hybrid power systems that combine fossil fuel generators with an electrical microgrid are more efficient and practical for automotive, naval, and aviation industries. This paper demonstrates an electro-thermal battery emulator to aid during design and initial testing phases of electrified systems. A 2.4 kWh battery pack is represented using an equivalentŌĆæcircuit model coupled to a lumped thermal model with heat generation. Deployed on a hardware-in-the-loop setup, emulation is performed through
2026	Design and implementation of a buck converterŌĆōbased PV emulator using dynamic evolution control	10.11591/ijpeds.v17.i1.pp809-822		zenodo	<p>This paper presents the design, simulation, and experimental implementation of a photovoltaic (PV) emulator based on a buck converter controlled using the dynamic evolution control (DEC) technique. The proposed system accurately reproduces the nonlinear current-voltage (I-V) and power-voltage (P&ndash;V) characteristics of a commercial GREEN CELL SM100-18P (100 Wp) PV module under standard test conditions (1000 W/m2, 25 &deg;C). The electrical characteristics of the reference module are embed
2026	HARDWARE EMULATION OF CONTINUOUS MANIFOLDS	10.5281/zenodo.20814655		zenodo	<p>The DSM-861 circuit topology turns a computational manifold into a physical object: an 861-<br>node ReRAM crossbar, stacked in 3D, that computes by settling to its electrical energy minimum.<br>The primitives are textbook circuit physics used boldly  Ohm's law for the analog multiply,<br>Kirchho's law for the projection, current-bias defects for logic, boundary forcing for input <br>and the engineering challenges are met with established solutions: 1T1R cells for sneak paths,<br>TSVs for the
2026	Kaizen: Metamorphic Fuzzing and Differential Testing for LLM-Translated HPC Applications		2607.04058	arxiv	Large language models (LLMs) are increasingly used to port scientific codes across heterogeneous high-performance computing (HPC) programming models, such as translating CUDA to OpenMP, OpenACC, Kokkos or SYCL. However, current evaluations use compilation success, token-level similarity, or developer-written tests from static benchmarks, which cannot reliably ensure behavioral correctness. We present Kaizen, a metamorphic fuzzing and differential testing framework for evaluating the correctness
2026	Read [Pdf]&gt; The Game Boy Encyclopedia: Every Game Released for the Nintendo Game Boy and Game Boy Color by Chris Scullion	10.55277/researchhub.2jevlvwz.1		crossref
2026	Read [pdf]&gt; The Game Boy Encyclopedia: Every Game Released for the Nintendo Game Boy and Game Boy Color by Chris Scullion	10.55277/researchhub.zzupgbm7.1		crossref
2026	Relocate and Emulate: Re-Hosting Android's Application Layer	10.1109/saner67736.2026.00053	2606.09528	arxiv	Dynamic analysis of Android's application layer typically relies on physical devices, limiting scalability and reproducibility. To compensate, we introduce a systematic re-hosting method that relocates the Android framework and pre-installed software from real device firmware into a fully emulated environment. Our approach integrates vendor-specific components into the Android Open Source Project (AOSP) build system using tailored extraction and injection strategies, producing vendor-flavoured e
2026	Video Game Emulation: Using FPGA Technology with Open Source Tools	10.1109/infoteh68759.2026.11477622		crossref
2025	A Neural Surrogate for Fast and Accurate Analog Circuit Emulation	10.2139/ssrn.5743774		crossref
2025	CSST Cosmological Emulator I: Matter Power Spectrum Emulation with one percent accuracy to k = 10 h/Mpc	10.1007/s11433-025-2671-0	2502.11160	arxiv	In the near future, the China Space Station Telescope (CSST) will obtain unprecedented imaging and spectroscopic data. The statistical errors in the cosmological parameter constraints will be reduced significantly. The corresponding theoretical tools must meet the percent-level accuracy required to extract as much cosmological information as possible from the observations. We present the CSST Emulator to provide nonlinear power spectrum predictions in the eight cosmological parameter space $╬®_\m
2025	CSST Cosmological Emulator II: Generalized Accurate Halo Mass Function Emulation	10.1007/s11433-025-2764-x	2506.09688	arxiv	Accurate theoretical prediction for halo mass function across a broad cosmological space is crucial for the forthcoming China Space Station Telescope (CSST) observations, which will capture cosmological information from multiple probes, e.g., cluster abundance, and weak lensing. In this work, we quantify the percent-level impact of different mass binning schemes when measuring the differential halo mass function from simulations, and demonstrate that the cumulative form of the halo mass function
2025	Design and implementation of PV emulator based on synchronous buck converter using Arduino Nano microcontroller	10.11591/ijpeds.v16.i1.pp448-456		zenodo	<p>This paper discusses the comprehensive design and implementation of a photovoltaic (PV) emulator hardware using a synchronous buck converter. The primary objective is to simulate the electrical characteristics of a real PV module under varying environmental conditions. The process involves detailed simulations carried out using MATLAB/Simulink software to evaluate the performance and accuracy of the emulator model. Various load values were tested to account for the impact of fluctuations in r
2025	Differential Performance Fuzzing of Configuration Options	10.1109/sbft66712.2025.00014		crossref
2025	Fast and Accurate Emulation of Complex Dynamic Simulators		2503.20250	arxiv	Dynamic simulators are computational models governed by differential equations that evolve over time. They are essential for scientific and engineering applications but remain challenging to emulate because of the unpredictable behavior of complex systems. To address this challenge, this paper introduces a fast and accurate Gaussian Process (GP)-based emulation method for complex dynamic simulators. By integrating linked GPs into the one-step-ahead emulation framework, the proposed algorithm pro
2025	GOES-16 ABI and collocated SNPP-VIIRS imagery for evaluating the emulation of daytime cloud products at night	10.5281/zenodo.13983238		zenodo	<p>This dataset contains the testing set for <em>Emulating Daytime ABI Cloud Optical Properties at Night with Machine Learning,</em> currently in preparation for peer review. These files contain the information needed for reproducing the analysis and all figures in the manuscript. These files primarily contain Advanced Baseline Imager (ABI) brightness temperatures for 9 channels, cloud properties from the NOAA operational products, cloud optical depth, cloud effective radius, and derived cloud w
2025	Models and Data for Reproducing the Result in "A Geographically Weighted Gaussian Process Regression Emulator of the GCHP 13.0.0 Global Air Quality Model"	10.5281/zenodo.16741084		zenodo	<p>The frozen version of GW-GPR glolbal air quality emulator, and related data for publication.&nbsp;</p> <p>"Input" folder contains the emulator input for AerChemMIP and IGSM-GAINS-EPPA scenarios, processed AerChemMIP output,and data for calculating health impacts ("shared")</p> <p>"<span>models</span>" folder contains the GP models at each gridcell for all versions the GW-GPR models (including the random subsampling) tested in the paper</p> <p>"<span>output</span>" folder contains the data (cs
2025	Network Emulation with P7: A P4 Programmable Patch Panel on Tofino-based Hardware	10.5753/sbrc_estendido.2023.759		zenodo	<p>The use of virtual and software-based environments, such as Mininet, has become popular for network experimentation. However, these platforms often have limitations, including low transmission speeds and trade-offs between scalability and performance fidelity. Advances in P4 programmability and new P4 hardware that supports Tofino Native Architecture (TNA) have enabled the possibility of emulating various network link characteristics and creating network topologies for running line-rate traff
2025	Preserving Our Born-Digital Cultural Heritage - it s EAASI! - Phase Two of The Australian Emulation Network (AusEAASI)	10.5281/zenodo.18240072		zenodo	Born-digital cultural artefacts are, by their very nature, ephemeral: posing the very real risk that we could lose significant parts of our cultural heritage unless we take active steps to preserve them now. Future archaeologists will not be finding digital content in digs.  The Australian Emulation as a Service Infrastructure (AusEaaSI) project is a consortium of Australian academic and cultural institutions, led by Swinburne University, which is taking the necessary steps to preserve our digit
2025	Protocol-Aware Firmware Rehosting for Effective Fuzzing of Embedded Network Stacks	10.1145/3719027.3765125	2509.13740	arxiv	One of the biggest attack surfaces of embedded systems is their network interfaces, which enable communication with other devices. Unlike their general-purpose counterparts, embedded systems are designed for specialized use cases, resulting in unique and diverse communication stacks. Unfortunately, current approaches for evaluating the security of these embedded network stacks require manual effort or access to hardware, and they generally focus only on small parts of the embedded system. A prom
2025	Qualcomm Trusted Application Emulation for Fuzzing Testing		2507.08331	arxiv	In recent years, the increasing awareness of cybersecurity has led to a heightened focus on information security within hardware devices and products. Incorporating Trusted Execution Environments (TEEs) into product designs has become a standard practice for safeguarding sensitive user information. However, vulnerabilities within these components present significant risks, if exploited by attackers, these vulnerabilities could lead to the leakage of sensitive data, thereby compromising user priv
2025	SIRANet - Core code for fast and scalable Air Quality neural emulator for high-resolution urban predictions on very large domains	10.5281/zenodo.15574458		zenodo	<p>This repository contains the core set of neural network models that underpin a fast and scalable air quality emulator designed for high-resolution urban-scale predictions over large spatial domains. These models serve as an efficient surrogate for computationally expensive numerical simulations, enabling rapid air quality assessments in complex urban environments.</p> <p>In addition to the core code of the models, we include a sample dataset in NetCDF format intended for inference purposes. T
2025	Slow neutrinos: non-linearity and momentum-space emulation	10.1093/mnras/stag382	2511.09945	arxiv	Recent cosmological bounds on the sum of neutrino masses, M_nu = sum m_nu, are in tension with laboratory oscillation experiments, making cosmological tests of neutrino free-streaming imperative. In order to study the scale-dependent clustering of massive neutrinos, we develop a fast linear response method, FAST-nu f, applicable to neutrinos and other non-relativistic hot dark matter. Using it as an accurate linear approximation to help us reduce the dynamic range of emulator training data, base
2025	Video Game Preservation and Its Challenges	10.4467/20843860pk.25.004.21566		crossref	The exponential growth of the number of mostly digitally-stored video games highlights the need for effective preservation strategies to ensure its longevity and accessibility. Given the short lifespan of digital media, defining what should be archived remains a fundamental challenge for both individual curators and institutions such as archives, libraries, and museums. This article examines the unique obstacles faced by video game preservation initiatives, emphasizing the need to recognize game
2025	c-nicomar/AWES-test-bench-emulator: Version 1.0 ŌĆō initial public release	10.5281/zenodo.17312516		zenodo	MATLAB/Simulink models, control scripts, and flight datasets supporting the publication "Airborne wind energy system test bench electrical emulator" (Wind Energy Science, 2025). Includes implementation of the torque-ripple-optimized model predictive control (MPC) strategy and simulation data for PMSG and IM configurations.
2024	A Packet Delay Emulator for High-Bandwidth and Low-Latency Traffic in 5G Networks	10.1109/globecom54140.2023.10437664		zenodo
2024	Automated Feature Testing of Verilog Parsers using Fuzzing (Registered Report)	10.1145/3678722.3685536		crossref
2024	Comparative study of wind turbine emulator control using an asynchronous motor: IRFOC and DTC	10.11591/ijeecs.v36.i1.pp174-187		zenodo	<div></div> <div> <div>This work is an overview of one of the renewable energy sources, wind power. The high cost of testing wind turbines and analyzing their characteristics in research laboratories prompted us to create the Wind Emulator. In this article, we will proceed with the development of an emulator of a wind turbine conversion chain based on an asynchronous machine. This emulator would be capable of faithfully reproducing the dynamic characteristics of a real wind turbine and of integr
2024	Computational Complexity of Game Boy Games		2412.15469	arxiv	We analyze the computational complexity of several popular video games released for the Nintendo Game Boy video game console. We analyze the complexity of generalized versions of four popular Game Boy games: Donkey Kong, Wario Land, Harvest Moon GB, and Mole Mania. We provide original proofs showing that these games are \textbf{NP}-hard. Our proofs rely on Karp reductions from four of Karp's original 21 \textbf{NP}-complete problems: \textsc{Sat}, \textsc{3-Cnf-Sat}, \textsc{Hamiltonian Cycle},
2024	Deep learning based emulator for predicting voltage behaviour in lithium ion batteries.			biostudies
2024	Evolutionary Generative Fuzzing for Differential Testing of the Kotlin Compiler	10.1145/3663529.3663864		crossref
2024	Hardware Fuzzing with An Emulator	10.2172/2480163		crossref
2024	Neither State nor Market: Competitive Emulation in Higher Education			eric	For two centuries, academics and their universities have competed for prominence and vied to demonstrate that their institutions are at the center of the scholarly world. Scientific advances in particular fields, reciprocal academic visits and conferences, impressive physical architecture, and publishing in shared venues and a &quot;lingua franca&quot; are among the many dimensions in which universities seek prestige in a relational status system. We call this system &quot;competitive emulation&
2024	PyTorch implementation of Emulator-based Component Analysis	10.5281/zenodo.13364005		zenodo	<p>This repository includes:</p> <ol> <li>PyTorch implementation of the Emulator-based Component Analysis (ECA).</li> <li>Supporting scripts to convert a trained sklearn-based neural network (MLPRegressor) into an equivalent PyTorch implementation for use with ECA.</li> <li>Reference manual for the class.</li> <li>Scripts for two examples presented in the manuscript.</li> </ol>
2024	SoK: Prudent Evaluation Practices for Fuzzing	10.1109/sp54263.2024.00137		openalex
2024	The e-MANTIS emulator: fast and accurate predictions of the halo mass function in $f(R)$CDM and $w$CDM cosmologies	10.1051/0004-6361/202450193	2410.05226	arxiv	In this work, we present a novel emulator of the halo mass function, which we implement in the framework of the e-mantis emulator of $f(R)$ gravity models. We also extend e-mantis to cover a larger cosmological parameter space and to include models of dark energy with a constant equation of state $w$CDM. We use a Latin hypercube sampling of the $w$CDM and $f(R)$CDM cosmological parameter spaces, over a wide range, and realize a large suite of more than $10000$ $N$-body simulations of different v
2024	Trinity: High-Performance and Reliable Mobile Emulation through Graphics Projection	10.1145/3643029		semantic-scholar	Mobile emulation, which creates full-fledged software mobile devices on a physical PC/server, is pivotal to the mobile ecosystem. Unfortunately, existing mobile emulators perform poorly on graphics-intensive apps in terms of efficiency and compatibility. To address this, we introduce graphics projection, a novel graphics virtualization mechanism that adds a small-size projection space inside the guest memory, which processes graphics operations involving control contexts and resource handles wit
2023	A High-Performance and Cost-Effective Field Programmable Gate Array-Based Motor Drive Emulator			biostudies
2023	A deep learning framework to emulate density functional theory	10.1038/s41524-023-01115-3		openalex
2023	Artifact for EdgeEmu - Emulator for Android Edge Devices (DAIS 2023)	10.5281/zenodo.7889579		zenodo	<p>To ensure availability and reproducibility, we have made all study artifacts publicly available for the &quot;<strong>EdgeEmu - Emulator for Android Edge Devices</strong>&quot; paper.&nbsp;EdgeEmu is an Android distributed emulation tool capable of creating both small and large emulated edge networks. It supports the development and testing of P2P communication-enabled Android mobile applications.</p>  <p>This repository contains the source code, installation packages, VirtualBox VM images wi
2023	Cosmic-Enu: An emulator for the non-linear neutrino power spectrum		2311.11240	arxiv	Cosmology is poised to measure the neutrino mass sum $M_╬Į$ and has identified several smaller-scale observables sensitive to neutrinos, necessitating accurate predictions of neutrino clustering over a wide range of length scales. The FlowsForTheMasses non-linear perturbation theory for the massive neutrino power spectrum, $╬ö^2_╬Į(k)$, agrees with its companion N-body simulation at the $10\%-15\%$ level for $k \leq 1~h/$Mpc. Building upon the Mira-Titan IV emulator for the cold matter, we use Flow
2023	Development of Drug Release Model for Suspensions in ESCAR (Emulator of SubCutaneous Absorption and Release).			biostudies
2023	Emulation	10.4324/9781003214977-5		crossref
2023	Enhancing ICS Security Diagnostics with Pseudo-Greybox Fuzzing During Maintenance Testing	10.5220/0012137100003538		crossref
2023	Glacier catalogue for IGM physics-informed deep-learning emulator pretraining	10.5281/zenodo.8332898		zenodo	<p>This dataset was created with the iceflow glacier model CfsFlow to generate glacier extent and retreat in the Alps and New zealand with the goal to generate realistic and diverse glacier states for pretraining the physics-informed deep-learning emulator of IGM (https://github.com/jouvetg/igm).</p>  <p>The data consists of distributed surface topography (usurf) and ice thickness (thk) of 8 snapshots of 37 glaciers in different stages (advance and retreat). The data is organized glacier-wise: e
2023	Icicle: A Re-Designed Emulator for Grey-Box Firmware Fuzzing		2301.13346	arxiv	Emulation-based fuzzers enable testing binaries without source code, and facilitate testing embedded applications where automated execution on the target hardware architecture is difficult and slow. The instrumentation techniques added to extract feedback and guide input mutations towards generating effective test cases is at the core of modern fuzzers. But, modern emulation-based fuzzers have evolved by re-purposing general-purpose emulators; consequently, developing and integrating fuzzing tec
2023	Icicle: A Re-designed Emulator for Grey-Box Firmware Fuzzing	10.1145/3597926.3598039		crossref
2023	Multi-Domain Device-Level Fuel-Cell Modeling and Real-Time Hardware Emulation for Marine Research Vessel Power System	10.5281/zenodo.7960635		zenodo	<p>Marine research vessels (MRVs) are redesigned and refurbished to meet higher energy conversion efficiency and modular integration schemes while conforming to stronger environmental regulations. The proton exchange membrane fuel cell (PEMFC) is currently regarded as a potential power source for marine transportation applications due to its advantages of stability, sustainability, and zero emissions. This paper proposes a hierarchical scheme for the real-time hardware emulation of the MRV&rsquo
2023	Mus├®e du Jeux Vid├®o - GameBoy - Game Boy Color - Game Boy Advance	10.5281/zenodo.10219099		zenodo	<p>Petit livret pour faire d├®couvrir les jeux de Game Boy sur ├®mulateur</p>
2023	PREDICTOR: A Physical emulatoR enabling safEty anD ergonomICs evaluation and Training of physical human-rObot collaboRation			biostudies
2023	Request Smuggling Via HTTP/2 Cleartext in the Wild: Empirical Testing with Differential Fuzzing	10.1109/itiotsc60379.2023.00043		crossref
2022	An accurate and flexible analog emulation of AdEx neuron dynamics in silicon		2209.09280	arxiv	Analog neuromorphic hardware promises fast brain emulation on the one hand and an efficient implementation of novel, brain-inspired computing paradigms on the other. Bridging this spectrum requires flexibly configurable circuits with reliable and reproducible dynamics fostered by an accurate implementation of the targeted neuron and synapse models. This manuscript presents the analog neuron circuits of the mixed-signal accelerated neuromorphic system BrainScaleS-2. They are capable of flexibly a
2022	Brian2Loihi: An emulator for the neuromorphic chip Loihi using the spiking neural network simulator Brian.			biostudies
2022	Embedded fuzzing: a review of challenges, tools, and solutions	10.1186/s42400-022-00123-y		openalex
2022	Faster-Than-Real-Time Hardware Emulation of Extensive Contingencies for Dynamic Security Analysis of Large-Scale Integrated AC/DC Grid	10.5281/zenodo.7662992		zenodo	<p>The rapid expansion of modern power systems has brought a tremendous computational challenge to dynamic security analysis (DSA) tools which consequently need to process extensive contingencies. In this work, hardware emulation is investigated to accelerate the DSA solution of a large-scale AC/DC system deployed on the field-programmable gate arrays (FPGAs) faster-than-real-time (FTRT) execution. Electromagnetic transient (EMT) modeling of the DC grid is conducted since the fast converter dyna
2022	Game Boy - Nintendo + Tetris	10.5281/zenodo.10228031		zenodo	Game Boy free to use Support our project please: https://www.patreon.com/museudocomputador  Source: Objaverse 1.0 / Sketchfab
2022	Game Boy GBC - Duke Nukem	10.5281/zenodo.10242775		zenodo	Source: Objaverse 1.0 / Sketchfab
2022	Game Boy GBC - Wario Land 2 - Wario	10.5281/zenodo.10266074		zenodo	Source: Objaverse 1.0 / Sketchfab
2022	Improve Model Testing by Integrating Bounded Model Checking and Coverage Guided Fuzzing	10.21203/rs.3.rs-2315060/v1		crossref	Abstract The control logic models built by Simulink or Ptolemy have been widely used in industry scenes. It is an urgent need to ensure the safety and security of the control logic models. Test case generation technologies are widely used to ensure the safety and security. State-of-the-art model testing tools employ model checking techniques or search-based methods to generate test cases. Traditional search based techniques based on Simulink simulation are plagued by problems such as low speed a
2022	Modular Battery Emulator for Development and Functional Testing of Battery Management Systems: The Cell Emulator	10.3390/electronics11081215		crossref	Battery Management Systems are fundamental components of the present battery generation. The development and characterization phases of a BMS often require an emulator of the battery cells with which the Battery Management System functions can be assessed with no safety risks as it would instead happen using a real battery. This work describes the design and characterization of a modular cell emulator circuit to be used as platform for the Hardware-in-the-loop test of a Battery Management System
2022	Penerapan Metode VIKOR (Visekriterijumsko Kompromisno Rangiranje) dalam Pengambilan Keputusan Pemilihan Emulator Android pada Komputer	10.30865/mib.v6i3.4205		crossref	This research is a research on a decision support system in choosing the best android emulator to use on a computer as a topic of discussion. The Android emulator is a software that supports computers, both laptops and other computer devices, to be able to continue to access Android in computer use by simulating Android to a computer device. In choosing an android emulator, problems often arise to use which emulator is the best and in accordance with the specifications of the computer you have,
2022	QTechTheory/DissipativeRecompiler: v1	10.5281/zenodo.6475224		zenodo	A simulator of the dissipative variational quantum-circuit recompiler
2022	RoboFuzz: fuzzing robotic systems over robot operating system (ROS) for finding correctness bugs	10.1145/3540250.3549164		openalex
2021	Android on PC: On the Security of End-user Android Emulators	10.1145/3460120.3484774		semantic-scholar	Android emulators today are not only acting as a debugging tool for developers but also serving the massive end-users. These end-user Android emulators have attracted millions of users due to their advantages of running mobile apps on desktops and are especially appealing for mobile game players who demand larger screens and better performance. Besides, they commonly provide some customized assistant functionalities to improve the user experience, such as keyboard mapping and app installation fr
2021	Automatically Locating ARM Instructions Deviation between Real Devices and CPU Emulators		2105.14273	arxiv	Emulator is widely used to build dynamic analysis frameworks due to its fine-grained tracing capability, full system monitoring functionality, and scalability of running on different operating systemsand architectures. However, whether the emulator is consistent with real devices is unknown. To understand this problem, we aim to automatically locate inconsistent instructions, which behave differently between emulators and real devices. We target ARM architecture, which provides machine readable
2021	CryptoEmu: An Instruction Set Emulator for Computation Over Ciphers		2101.03403	arxiv	Fully homomorphic encryption (FHE) allows computations over encrypted data. This technique makes privacy-preserving cloud computing a reality. Users can send their encrypted sensitive data to a cloud server, get encrypted results returned and decrypt them, without worrying about data breaches. This project report presents a homomorphic instruction set emulator, CryptoEmu, that enables fully homomorphic computation over encrypted data. The software-based instruction set emulator is built upon an
2021	Datasets for "Robustness of neural network emulations of radiative transfer parameterizations in a state-of-the-art general circulation model"	10.7910/dvn/6f74lf		dataverse	The ability of machine-learning-based (MLbased) model components to generalize to the previously unseen inputs and its impact on the stability of the models that use these components have been receiving a lot of recent attention, especially in the context of ML-based parameterizations. At the same time, ML-based emulators of existing physically based parameterizations can be stable, accurate, and fast when used in the model they were specifically designed for. In this work we show that shallow-n
2021	Delta Dynamic Integrated Emulator Model	10.5281/zenodo.5573751		zenodo	<p>The aim of the ESPA Deltas project was to provide policy makers with the knowledge and tools to enable them to evaluate the effects of policy decisions on ecosystem services and people&#39;s livelihoods. In another word, to link science to policy at the landscape scale. ESPA Deltas investigated the south-west coastal zone of Bangladesh through a transdisciplinary lens.</p>  <p>The Delta&nbsp;Dynamic Integrated Emulator Model (&Delta;DIEM)&nbsp;is essentially a trans-disciplinary framework des
2021	Diane: Identifying Fuzzing Triggers in Apps to Generate Under-constrained Inputs for IoT Devices	10.1109/sp40001.2021.00066		openalex
2021	Emulating complex simulations by machine learning methods	10.1186/s12859-021-04354-7		zenodo	<p>Background</p>  <p>The aim of the present paper is to construct an emulator of a complex biological system simulator using a machine learning approach. More specifically, the simulator is a patient-specific model that integrates metabolic, nutritional, and lifestyle data to predict the metabolic and inflammatory processes underlying the development of type-2 diabetes in absence of familiarity. Given the very high incidence of type-2 diabetes, the implementation of this predictive model on mob
2021	Exploring pathways to more accurate machine learning emulation of atmospheric radiative transfer	10.1002/essoar.10508510.1		crossref	Machine learning (ML) parameterizations of subgrid physics is a growing research area. A key question is whether traditional ML methods such as feed-forward neural networks (FNNs) are better suited for representing only specific processes. Radiation schemes are an interesting example, because they compute radiative flows through the atmosphere using well-established physical equations. The sequential aspect of the problem implies that FNNs may not be well-suited for it. This study explores wheth
2021	FORGE -- the f(R) gravity cosmic emulator project I: Introduction and matter power spectrum emulator	10.1093/mnras/stac1091	2109.04984	arxiv	We present a large suite of cosmological simulations, the FORGE (F-of-R Gravity Emulator) simulation suite, which is designed to build accurate emulators for cosmological observables in galaxy clustering, weak gravitational lensing and galaxy clusters, for the $f(R)$ gravity model. The total of 200 simulations explore the cosmological parameter space around the Planck(2018) cosmology with a Latin hypercube, for 50 combinations of $\bar{f}_{R0}$, $╬®_m$, $Žā_8$ and $h$ with all other parameters fix
2021	FUZZING TESTING. CLASSIFICATION OF MODERN FUZZING TOOLS	10.37539/aug298.2021.94.77.007		crossref	ąÆ čüčéą░čéčīąĄ ą┐čĆąĖą▓ąŠą┤čÅčéčüčÅ ąŠą┐čĆąĄą┤ąĄą╗ąĄąĮąĖąĄ čäą░ąĘąĘąĖąĮą│ čéąĄčüčéąĖčĆąŠą▓ą░ąĮąĖčÅ, ąŠčüąĮąŠą▓ąĮčŗąĄ čŹčéą░ą┐čŗ čäą░ąĘąĘąĖąĮą│ą░, čĆą░čüčüą╝ą░čéčĆąĖą▓ą░ąĄčéčüčÅ ą║ą╗ą░čüčüąĖčäąĖą║ą░čåąĖčÅ čäą░ąĘąĘąĄčĆąŠą▓. The article describes the definition of fuzzing testing, the main stages of fuzzing, and discusses the classification of fuzzers.
2021	Fast & accurate emulation of two-body scattering observables without wave functions	10.1016/j.physletb.2021.136608	2106.15608	arxiv	We combine Newton's variational method with ideas from eigenvector continuation to construct a fast & accurate emulator for two-body scattering observables. The emulator will facilitate the application of rigorous statistical methods for interactions that depend smoothly on a set of free parameters. Our approach begins with a trial $K$ or $T$ matrix constructed from a small number of exact solutions to the Lippmann--Schwinger equation. Subsequent emulation only requires operations on small matri
2021	ICS3Fuzzer: A Framework for Discovering Protocol Implementation Bugs in ICS Supervisory Software by Fuzzing	10.1145/3485832.3488028		openalex
2021	Instruction Set Design Methodology for In-Memory Computing through QEMU-based System Emulator	10.1109/rsp53691.2021.9806255		crossref
2021	Keynote Talk - Fuzzing, Symbolic Execution, and Synthesis for Testing	10.1109/icst49551.2021.00009		crossref
2021	Meeting Digital Preservation Requirements for Software through an Emulation Strategy	10.5220/0010602903180323		crossref
2021	Meeting Digital Preservation Requirements for Software through an Emulation Strategy	10.5220/0010602900002992		crossref
2021	Memory-efficient emulation of physical tabular data using quadtree decomposition dataset	10.5281/zenodo.4739173		zenodo	<p>The datasets used for training and testing the quadtree emulator in the&nbsp;Memory-efficient&nbsp;emulation&nbsp;of&nbsp;physical&nbsp;tabular&nbsp;data&nbsp;using&nbsp;quadtree&nbsp;decomposition paper. The description of the datasets are as follows,</p>  <p>training_data_den0.00625_temp0.00625.hdf5 : Training data for&nbsp;the quadtree emulator</p>  <p>testing_data_den0.004166666666666667_temp0.004166666666666667.hdf5 :&nbsp;Testing data for quadtree emulator.</p>  <p>testing_data_timmes_d
2021	RTCE: Real-Time Co-Emulation Framework for EMT-Based Power System and Communication Network on FPGA-MPSoC Hardware Architecture	10.5281/zenodo.7694237		zenodo	<p>With the expansion of smart grid infrastructure world-wide, modeling the interaction between power systems and communication networks becomes paramount and has created a new challenge of co-simulating the two domains before commissioning. Existing co-simulation methods mostly concentrate on the off-line software-level interface design to synchronize messages between the simulators of both domains. Instead of simulating in software with a large latency, this article proposes a novel real-time
2021	Real time emulator for parallel connected dual-PMSM sensorless control	10.11591/ijpeds.v12.i3.pp1390-1404		zenodo	<p>This paper presents a real-time emulator of a dual permanent magnet synchronous motor&nbsp;(PMSM) drive implemented on a field-programmable gate array (FPGA) board for&nbsp;supervision and observation purposes. In order to increase the reliability of the drive, a&nbsp;sensorless speed control method is proposed. This method allows replacing the physical&nbsp;sensor while guaranteeing a satisfactory operation even in faulty conditions. The&nbsp;novelty of the proposed approach consists of an F
2021	Shortcomings of human-in-the-loop optimization of an ankle-foot prosthesis emulator: a case series.			biostudies
2021	Stable Emulation of an Entire Suite of Model Physics in a State-of-the-Art GCM using a Neural Network		2103.07028	arxiv	There has been a lot of recent interest in developing hybrid models that couple deterministic numerical model components to statistical model components derived using machine learning techniques. One approach that we follow in this pilot study is to replace an existing computationally expensive deterministic model component with its fast machine-learning-based emulator, leading to the model speed-up and/or improvement. We developed a shallow neural network-based emulator of a complete suite of a
2021	Using the android emulator for the Pepper robot for project work	10.5281/zenodo.14647093		zenodo	Excellence in teaching and learning requires that students acquire practical skills in addition to theoretical knowledge. For this purpose, many modules include term projects. In order to realize the practical projects in times of Covid-19, project topics have to be adapted so that students can work on them exclusively remotely. For classes that convey e.g. the principles of Human-Machine Interaction, one possibility is the use of the android-based emulator for the social robot Pepper. The emula
2020	AT Emulator	10.5281/zenodo.14497828		zenodo	<p>The AT Emulator can be used to emulate the AT command set, also known as the <a href="http://en.wikipedia.org/wiki/Hayes_command_set" target="_blank" rel="noopener">Hayes command set</a>, and the GSM AT command set (refer to <a href="https://www.etsi.org/deliver/etsi_gts/07/0707/05.00.00_60/gsmts_0707v050000p.pdf" target="_blank" rel="noopener">ETSI GSM 07.07</a> and <a href="https://www.3gpp.org/DynaReport/27007.htm" target="_blank" rel="noopener">3GPP TS 27.007</a>). The AT commands are typ
2020	Active Fuzzing for Testing and Securing Cyber-Physical Systems	10.1145/3395363.3397376	2005.14124	arxiv	Cyber-physical systems (CPSs) in critical infrastructure face a pervasive threat from attackers, motivating research into a variety of countermeasures for securing them. Assessing the effectiveness of these countermeasures is challenging, however, as realistic benchmarks of attacks are difficult to manually construct, blindly testing is ineffective due to the enormous search spaces and resource requirements, and intelligent fuzzing approaches require impractical amounts of data and network acces
2020	BaseSAFE: Baseband SAnitized Fuzzing through Emulation	10.1145/3395351.3399360	2005.07797	arxiv	Rogue base stations are an effective attack vector. Cellular basebands represent a critical part of the smartphone's security: they parse large amounts of data even before authentication. They can, therefore, grant an attacker a very stealthy way to gather information about calls placed and even to escalate to the main operating system, over-the-air. In this paper, we discuss a novel cellular fuzzing framework that aims to help security researchers find critical bugs in cellular basebands and si
2020	Battery-Free Game Boy	10.1145/3411839		openalex
2020	Battery-Free Game Boy - IMWUT/UbiComp 2020 Artifact	10.5281/zenodo.7684870		zenodo	<p>Artifact for the IMWUT/UbiComp 2020 article: Battery-Free Game Boy.</p>  <p>Abstract:</p>  <p>We present ENGAGE, the first battery-free, personal mobile gaming device powered by energy harvested from the gamer actions and sunlight. Our design implements a power failure resilient Nintendo Game Boy emulator that can run off-the-shelf classic Game Boy games like Tetris or Super Mario Land. This emulator is capable of intermittent operation by tracking memory usage, avoiding the need for always c
2020	Can Children Emulate a Robotic Non-Player Character's Figural Creativity?	10.1145/3410404.3414251		openalex
2020	DICE: Automatic Emulation of DMA Input Channels for Dynamic Firmware Analysis		2007.01502	arxiv	Microcontroller-based embedded devices are at the core of Internet-of-Things and Cyber-Physical Systems. The security of these devices is of paramount importance. Among the approaches to securing embedded devices, dynamic firmware analysis gained great attention lately, thanks to its offline nature and low false-positive rates. However, regardless of the analysis and emulation techniques used, existing dynamic firmware analyzers share a major limitation, namely the inability to handle firmware u
2020	Detecting critical bugs in SMT solvers using blackbox mutational fuzzing	10.1145/3368089.3409763		openalex
2020	Emulation as an Accurate Alternative to Interpolation in Sampling Radiative Transfer Codes	10.1109/jstars.2018.2875330	2012.10392	arxiv	Computationally expensive Radiative Transfer Models (RTMs) are widely used} to realistically reproduce the light interaction with the Earth surface and atmosphere. Because these models take long processing time, the common practice is to first generate a sparse look-up table (LUT) and then make use of interpolation methods to sample the multi-dimensional LUT input variable space. However, the question arise whether common interpolation methods perform most accurate. As an alternative to interpol
2020	Exploiting Dissent: Towards Fuzzing-Based Differential Black-Box Testing of TLS Implementations	10.1109/tdsc.2017.2763947		crossref
2020	FPGA Based Emulation Environment for Neuromorphic Architectures		2004.06061	arxiv	Neuromorphic architectures such as IBM's TrueNorth and Intel's Loihi have been introduced as platforms for energy efficient spiking neural network execution. However, there is no framework that allows for rapidly experimenting with neuromorphic architectures and studying the trade space on hardware performance and network accuracy. Fundamentally, this creates a barrier to entry for hardware designers looking to explore neuromorphic architectures. In this paper we present an open-source FPGA base
2020	Jetson AI-Computer Emulator	10.5281/zenodo.4106061		zenodo	<p>The Jetson Emulator emulates the NVIDIA Jetson AI-Computer&#39;s Inference and Utilities API for image classification, object detection and image segmentation (i.e. imageNet, detectNet and segNet). The intended users are makers, learners, developers and students who are curious about AI computers and AI edge-computing but are not ready or able to invest in an actual device such as the NVIDIA Jetson Nano Developer Kit (https://developer.nvidia.com/embedded/jetson-nano-developer-kit). E.g. this
2020	Low-Rank Representation of Head Impact Kinematics: A Data-Driven Emulator.			biostudies
2020	Machine Learning Building Blocks for Real-Time Emulation of Advanced Transport Power Systems	10.5281/zenodo.7693420		zenodo	<p>The revolution of artificial intelligence (AI) is transforming major industries worldwide. With accurate inferencing, AI has caught the attention of many engineers and scientists. Promisingly, hardware-in the-loop (HIL) emulation can adopt this type of modeling method as one of the alternatives after comprehensive investigation. This paper proposes an approach for emulating power electronic motor drive transients for advanced transportation applications (ATAs) using machine learning building
2020	Matter Power Spectrum Emulator for f(R) Modified Gravity Cosmologies	10.1103/physrevd.103.123525	2010.00596	arxiv	Testing a subset of viable cosmological models beyond General Relativity (GR), with implications for cosmic acceleration and the Dark Energy associated with it, is within the reach of Rubin Observatory Legacy Survey of Space and Time (LSST) and a part of its endeavor. Deviations from GR-w(z)CDM models can manifest in the growth rate of structure and lensing, as well as in screening effects on non-linear scales. We explore the constraining power of small-scale deviations predicted by the f(R) Hu-
2020	Sparking Creativity with the Game Boy Advance	10.1145/3328778.3372606		crossref
2020	The Mira-Titan Universe. III. Emulation of the Halo Mass Function		2003.12116	arxiv	We construct an emulator for the halo mass function over group and cluster mass scales for a range of cosmologies, including the effects of dynamical dark energy and massive neutrinos. The emulator is based on the recently completed Mira-Titan Universe suite of cosmological $N$-body simulations. The main set of simulations spans 111 cosmological models with 2.1 Gpc boxes. We extract halo catalogs in the redshift range $z=[0.0, 2.0]$ and for masses $M_{200\mathrm{c}}\geq 10^{13}M_\odot/h$. The em
2020	The Ontogeny of Cumulative Culture: Individual Toddlers Vary in Faithful Imitation and Goal Emulation			eric	The success of human culture depends on early emerging mechanisms of social learning, which include the ability to acquire opaque cultural knowledge through faithful imitation, as well as the ability to advance culture through flexible discovery of new means to goal attainment. This study explores whether this mixture of faithful imitation and goal emulation is based in part on individual differences which emerge early in ontogeny. Experimental measurements and parental reports were collected fo
2020	Type-Centric Kotlin Compiler Fuzzing: Preserving Test Program Correctness by Preserving Types		2012.06382	arxiv	Kotlin is a relatively new programming language from JetBrains: its development started in 2010 with release 1.0 done in early 2016. The Kotlin compiler, while slowly and steadily becoming more and more mature, still crashes from time to time on the more tricky input programs, not least because of the complexity of its features and their interactions. This makes it a great target for fuzzing, even the basic forms of which can find a significant number of Kotlin compiler crashes. There is a probl
2020	What Do Voters Learn from Foreign News? Emulation, Backlash, and Public Support for Trade Agreements	10.3386/w27497		nber	The paper demonstrates voter-based mechanisms underlying policy emulation across countries. We argue that exposure to news about foreign government policies and their effect can change policy preferences of citizens through emulation and backlash against it. These heterogeneous responses arise due
2020	{HALucinator}: Firmware Re-hosting Through Abstraction Layer Emulation			openalex
2019	Compiler fuzzing: how much does it matter?	10.1145/3360581		openalex
2019	Consistent SDNs through Network State Fuzzing	10.1109/tnsm.2019.2955790	1904.08977	arxiv	The conventional wisdom is that a software-defined network (SDN) operates under the premise that the logically centralized control plane has an accurate representation of the actual data plane state. Unfortunately, bugs, misconfigurations, faults or attacks can introduce inconsistencies that undermine correct operation. Previous work in this area, however, lacks a holistic methodology to tackle this problem and thus, addresses only certain parts of the problem. Yet, the consistency of the overal
2019	DESIGN AND DEVELOPMENT OF WIND TURBINE EMULATOR TO OPERATE WITH 1.5KW INDUCTION GENERATOR	10.5281/zenodo.2702427		zenodo	<p>This paper contributes to design a Wind Emulator coupled to 1.5 kW Induction generator for Wind Energy Conversion System. A wind turbine emulator (WTE) is important equipment for developing wind energy conversion systems. It offers a controllable test environment that allows the evaluation and improvement of control schemes for electric generators that is hard to achieve with an actual wind turbine since the wind speed varies randomly. In this paper a wind emulator is modelled and simulated u
2019	Demo: Mobile Gaming on Personal Computers with Direct Android Emulation	10.1145/3300061.3343372		semantic-scholar	Playing Android games with Windows x86 PCs is now popular, and the common solution is to use mobile emulators built with the AOVB (Android-x86 On VirtualBox) architecture. Nevertheless, running heavy 3D Android games on AOVB incurs considerable overhead of full virtualization, thus often leading to unsatisfactory smoothness. To tackle this issue, we present DAOW, a commercial game-oriented Android emulator implementing the idea of direct Android emulation, which eliminates the overhead of full v
2019	Energy-efficient low-latency audio on android	10.1016/j.jss.2019.03.013		crossref
2019	Finding semantic bugs in file systems with an extensible fuzzing framework	10.1145/3341301.3359662		openalex
2019	Incorporating Astrochemistry into Molecular Line Modelling via Emulation	10.1051/0004-6361/201935973	1907.07472	arxiv	In studies of the interstellar medium in galaxies, radiative transfer models of molecular emission are useful for relating molecular line observations back to the physical conditions of the gas they trace. However, doing this requires solving a highly degenerate inverse problem. In order to alleviate these degeneracies, the abundances derived from astrochemical models can be converted into column densities and fed into radiative transfer models. This enforces that the molecular gas composition u
2019	Life after Speech Recognition: Fuzzing Semantic Misinterpretation for Voice Assistant Applications	10.14722/ndss.2019.23525		openalex
2019	Mobile Gaming on Personal Computers with Direct Android Emulation	10.1145/3300061.3300122		semantic-scholar	Playing Android games on Windows x86 PCs has gained enormous popularity in recent years, and the de facto solution is to use mobile emulators built with the AOVB (Android-x86 On VirtualBox) architecture. When playing heavy 3D Android games with AOVB, however, users often suffer unsatisfactory smoothness due to the considerable overhead of full virtualization. This paper presents DAOW, a game-oriented Android emulator implementing the idea of direct Android emulation, which eliminates the overhea
2019	OI-DBT:  Fast OpenISA Binary Emulator	10.5281/zenodo.3970229		zenodo	<p>OI-DBT implements a fast OpenISA (OI) interpreter together with an optimizing dynamic compiler supporting several region formation techniques. It dynamically compiles OI instructions into target instructions using the LLVM (7.0) infrastructure. Besides, OI-DBT translates OI instructions in parallel to the emulation process, thus decreasing the compilation overhead. All to achieve a high-performance emulation of OpenISA binaries.</p>
2019	The Art, Science, and Engineering of Fuzzing: A Survey	10.1109/tse.2019.2946563		openalex
2019	The effects of ankle stiffness on mechanics and energetics of walking with added loads: a prosthetic emulator study.			biostudies
2018	A Simplified Emulation Scheme for OpenGL SC 2.0 Rendering over OpenGL Embedded Systems 2.0	10.1007/978-981-13-1056-0_14		semantic-scholar
2018	Anti-emulation trends in modern packers: a survey on the evolution of anti-emulation techniques in UPA packers	10.1007/s11416-017-0291-9		crossref
2018	Compiler fuzzing through deep learning	10.1145/3213846.3213848		openalex
2018	Energy Analyzer Emulator for Microgrid Implementation and Demonstration and Respective Gateway	10.1109/tia.2018.2866451		zenodo	<p>Microgrids have been implemented all over the world in the last years. Several benefits are known for consumers and power grid management. As part of microgrids, the local energy management of renewable energy sources can prevent energy losses and support microgrid operation in islanded modes. Besides the success of the current microgrid implementations, improved components and models are required. This paper proposes two tools that support the implementation of microgrid demonstrations, name
2018	Ensuring Consistency between Cycle-Accurate and Instruction Set Simulators	10.1109/acsd.2018.00019		crossref
2018	FED Firmware Interface Testing with Pixel Phase 1 Emulator	10.22323/1.313.0074		crossref
2018	Forensics on Twitter and WeChat Using a Customised Android Emulator	10.1109/compcomm.2018.8781056		crossref
2018	IoTFuzzer: Discovering Memory Corruptions in IoT Through App-based Fuzzing	10.14722/ndss.2018.23159		openalex
2018	Performance comparison of an emulator and physical Android mobile device based on chess algorithm	10.35784/jcsi.644		crossref	Article discusses performance differences of emulators Android Emulator version 26.1.4 and BlueStacks App Player 3 and physical devices with Android platform. Performance is measured by the chess algorithm execution time. Article also describes previous research related to this subject. The article also presents the used research methods, results of research based on chess algorithms and conclusions.
2018	Performing SVE Studies using the Arm Instruction Emulator	10.1109/cluster.2018.00082		crossref
2017	A Mobile Augmented Reality Emulator for Android	10.18489/sacj.v29i1.435		crossref	Augmented Reality (AR) provides a fusion of the real and virtual worlds by superimposing virtual objects on real world scenery. The implementation of AR on mobile devices is known as Mobile Augmented Reality (MAR). MAR is in its infancy and MAR development software is in the process of maturing. Dating back to the origin of Computer Science as an independent field, software development tools have been an integral part of the process of software creation. MAR, being a relatively new technology, i
2017	EMULATOR vs REAL PHONE: Android Malware Detection Using Machine Learning	10.1145/3041008.3041010	1703.10926	arxiv	The Android operating system has become the most popular operating system for smartphones and tablets leading to a rapid rise in malware. Sophisticated Android malware employ detection avoidance techniques in order to hide their malicious activities from analysis tools. These include a wide range of anti-emulator techniques, where the malware programs attempt to hide their malicious activities by detecting the emulator. For this reason, countermeasures against antiemulation are becoming increasi
2017	Metadata and video games emulation: an effective bond to achieve authentic preservation?	10.1108/rmj-10-2016-0037		crossref	Purpose The aim of this paper is to rethink the concept of significant properties in relationship to video game emulation. Design/methodology/approach In this paper, video games are examined as complex digital objects, that is digital objects that are constituted by multiple layers that are interconnected with other objects. Starting from the assumption that metadata are fundamental to individuate the authenticity and accuracy of a complex digital object, the research is based on the analysis of
2017	The Mira-Titan Universe II: Matter Power Spectrum Emulation	10.3847/1538-4357/aa86a9	1705.03388	arxiv	We introduce a new cosmic emulator for the matter power spectrum covering eight cosmological parameters. Targeted at optical surveys, the emulator provides accurate predictions out to a wavenumber k~5/Mpc and redshift z<=2. Besides covering the standard set of LCDM parameters, massive neutrinos and a dynamical dark energy of state are included. The emulator is built on a sample set of 36 cosmological models, carefully chosen to provide accurate predictions over the wide and large parameter space
2017	The Use and Abuses of Emulation as a Pedagogical Practice			eric	From the late eighteenth through the end of the nineteenth century, educational philosophers and practitioners debated the benefits and shortcomings of the use of emulation in schools. During this period, &quot;emulation&quot; referred to a pedagogy that leveraged comparisons between students as a tool to motivate them to higher achievement. Many educationists praised emulation as a necessary and effective motivator. Other educationists condemned it for its tendency to foster invidious competiti
2017	UHI boot protocol implementation in Android emulator for MIPS architecture	10.1109/telfor.2017.8249473		crossref
2017	Ubiquitous sensor network simulation and emulation environments: A survey	10.1016/j.jnca.2017.05.009		openalex
2016	Enterprise Software Service Emulation: Constructing Large-Scale Testbeds	10.1145/2896941.2896947	1605.06729	arxiv	Constructing testbeds for systems which are interconnected with large networks of other software services is a challenging task. It is particularly difficult to create testbeds facilitating evaluation of the non-functional qualities of a system, such as scalability, that can be expected in production deployments. Software service emulation is an approach for creating such testbeds where service behaviour is defined by emulate-able models executed in an emulation runtime environment. We present (
2016	Game Boy	10.5281/zenodo.10365827		zenodo	Since my portfolio is besicly non existing, I decided to do a project every week and the first was my old Game Boy.  This is the first object, where I actually mesured every part of it as accuretly as I could, but it is curved so it may not be exactly the same, but it is as close as possible.  I will add the finishing details and textures in the coming days, but a week has passed and onto the next project we go =)  Source: Objaverse 1.0 / Sketchfab
2016	Low Latency Audio Video: Potentials for Collaborative Music Making through Distance Learning			eric	The primary purpose of this study was to examine the potential of LOw LAtency (LOLA), a low latency audio visual technology designed to allow simultaneous music performance, as a distance learning tool for musical styles in which synchronous playing is an integral aspect of the learning process (e.g., jazz, folk styles). The secondary purpose was to describe participant perceptions of the effectiveness of three technologies used to teach music: LOLA, PolyCom, and Skype. To achieve these goals, w
2016	Nonlinear Magnetic Equivalent Circuit-Based Real-Time Sen Transformer Electromagnetic Transient Model on FPGA for HIL Emulation	10.5281/zenodo.7670838		zenodo	<p>Strategic power-flow control using a Sen transformer (ST) can be a robust and cost-effective solution to relieve grid congestion due to increased installation of renewables. The ST consists of a multi-winding transformer and tap changer that can regulate the power flow through a transmission line by injecting a series-connected controllable voltage. This paper develops a real-time high-fidelity magnetic equivalent circuit-based electromagnetic transient model for the ST on the field-programma
2016	TLB maintenance optimization in android emulator for MIPS platform	10.1109/telfor.2016.7818873		crossref
2016	TLB maintenance optimization in android emulator for mips platform	10.1109/telfor.2016.7818883		crossref
2016	Towards Cycle-Accurate Emulation of Cortex-M Code to Detect Timing Side Channels	10.1109/ares.2016.94		crossref
2015	Artificial User Emulator to Detect Intelligent Malware on Android	10.20533/ijicr.2042.4655.2015.0079		crossref
2015	Bayesian Sensitivity Analysis of a Cardiac Cell Model Using a Gaussian Process Emulator.			biostudies
2015	Design and Implement of the Arm JTAG Emulator	10.2174/1874444301507011820		crossref
2015	Emulation and Virtualization as Preservation Strategies			openalex
2015	Fast and accurate power estimation for application-specific instruction set processors using FPGA emulation	10.1109/dasip.2015.7367249		crossref
2015	Implementation of an FPGA-Based Online Hardware-in-the-Loop Emulator Using High-Level Synthesis Tools for Resonant Power Converters Applied to Induction Heating Appliances	10.5281/zenodo.7696289		zenodo	<p>This paper proposes a field-programmablegate- array-based emulator of the series-resonant halfbridge inverter for measuring the inverter efficiency and detecting hard-switching conditions. The proposed emulator is able to compute the converter operating conditions and efficiency each mains half-cycle, providing useful information for the control unit. In addition, it is designed taking advantage of recent advances in high-level synthesis tools, which provides an optimized and straightforward
2015	Many-core compiler fuzzing	10.1145/2737924.2737986		openalex
2015	Many-core compiler fuzzing	10.1145/2813885.2737986		openalex
2015	Rice Channel Realization for BAN Over-The-Air Testing Using a Fading Emulator with an Arm-Swinging Dynamic Phantom	10.1587/transcom.e98.b.543		crossref
2015	ŌĆ£ INVESTIGATION OF RENDERING AND STREAMING VIDEO CONTENT OVER CLOUD USING VIDEO EMULATOR FOR ENHANCED USER EXPERIENCE ŌĆØ			semantic-scholar
2014	Cycle-accurate 8080 emulation using an ARM11 processor with dynamic binary translation	10.1109/memcod.2014.6961858		crossref
2014	Emulation	10.4324/9780203114261-12		crossref
2014	File DB Android SDK Emulator QEMU Analysis Graphical User Interface Instr			semantic-scholar
2014	Low-Latency Audio Pitch Tracking: A Multi-Modal Sensor-Assisted Approach	10.5281/zenodo.1178899		zenodo	This paper presents a multi-modal approach to musical instrument pitch tracking combining audio and position sensor data. Finger location on a violin fingerboard is measured using resistive sensors, allowing rapid detection of approximate pitch. The initial pitch estimate is then used to restrict the search space of an audio pitch tracking algorithm. Most audio-only pitch tracking algorithms face a fundamental tradeoff between accuracy and latency, with longer analysis windows producing better p
2014	Physics-Based Device-Level Power Electronic Circuit Hardware Emulation on FPGA	10.5281/zenodo.7706940		zenodo	<p>Accurate models of power electronic devices are necessary for hardware-in-the-loop (HIL) simulators. This paper proposes a digital hardware emulation of device-level models for the insulated gate bipolar transistor (IGBT) and the power diode on the field programmable gate array (FPGA). The hardware emulation utilizes detailed physics-based nonlinear models for these devices, and features a fully paralleled implementation using an accurate floating-point data representation in VHSIC hardware d
2014	Service-Fingerprinting mittels Fuzzing		1403.0766	arxiv	Service fingerprinting (i.e. the identification of network services and other applications on computing systems) is an essential part of penetration tests. The main contribution of this paper is a study on the improvement of fingerprinting tools. By applying mutation-based fuzzing as a fingerprint generation method, subtle differences in response messages can be identified. These differences in response messages provide means for the differentiation and identification of network services. To pro
2014	Using Emulation Software to Predict the Performance of Algorithms on NVRAM	10.4108/icst.simutools.2014.254796		crossref
2014	Video Game Preservation in the UK: A Survey of Records Management Practices	10.2218/ijdc.v9i2.294		openalex
2013	BAN-OTA testing using a fading emulator with an arm-swinging dynamic phantom	10.1109/aps.2013.6711752		crossref
2013	Card Emulator for Door Access Using Android Platform	10.1109/iccsce.2013.6719997		crossref
2013	Cosmic Emulation: Fast Predictions for the Galaxy Power Spectrum	10.1088/0004-637x/810/1/35	1311.6444	arxiv	The halo occupation distribution (HOD) approach has proven to be an effective method for modeling galaxy clustering and bias. In this approach, galaxies of a given type are probabilistically assigned to individual halos in N-body simulations. In this paper, we present a fast emulator for predicting the fully nonlinear galaxy power spectrum over a range of freely specifiable HOD modeling parameters. The emulator is constructed using results from 100 HOD models run on a large LCDM N-body simulatio
2013	PPSim: A Cycle-Accurate Simulator for PowerPC Instruction Set	10.4028/www.scientific.net/amm.325-326.1766		crossref	Simulators play an important part in computer architecture research. As for specific microarchitecture study, which focuses on the accurate behavior of out-of-order scheduling, ALU contention, and function unit management, an over-simplified abstraction is not sufficient to represent modern processor organizations. Thus cycle-accurate simulators are introduced to describe the accurate behavior in target microarchitecture. In cycle-accurate simulators, the timing feature within function units is
2012	Cloudtarun Application deployed over GAE and android emulator	10.1109/pdgc.2012.6449897		crossref
2012	Cosmic Emulation: The Concentration-Mass Relation for wCDM Universes	10.1088/0004-637x/768/2/123	1210.1576	arxiv	The concentration-mass relation for dark matter-dominated halos is one of the essential results expected from a theory of structure formation. We present a simple prediction scheme, a cosmic emulator, for the c-M relation as a function of cosmological parameters for wCDM models. The emulator is constructed from 37 individual models, with three nested N-body gravity-only simulations carried out for each model. The mass range covered by the emulator is 2 x 10^{12} M_sun < M <10^{15} M_sun with a c
2012	Emulation techniques for the reduction and sensitivity analysis of complex environmental models	10.1016/j.envsoft.2011.11.003		crossref
2012	Low Latency Audio Source Separation for Speech Enhancement in Cochlear Implants	10.5281/zenodo.3754190		zenodo	<p>This master thesis is a combination of two areas of Sound and Music Computing, Blind Source Separation and Cochlear Implants. The research focuses in the evaluation of existing source separation algorithms in order to improve noise reduction strategies in the context of cochlear implants. The modification and adaptation of a low latency algorithm is the point of start for the evaluation based in the requirements of speech signals in cochlear implants. The evaluation consists in a different se
2012	ŌĆśEmulation is the Most Sincere Form of Flattery: Retro Videogames, Rom Distribution and CopyrightŌĆÖ	10.2139/ssrn.2018883		openalex
2011	Microswitch and Keyboard-Emulator Technology to Facilitate the Writing Performance of Persons with Extensive Motor Disabilities			eric	This study assessed the effectiveness of microswitches for simple responses (i.e., partial hand closure, vocalization, and hand stroking) and a keyboard emulator to facilitate the writing performance of three participants with extensive motor disabilities. The study was carried out according to an ABAB design. During the A phases, the participants (one child and two adults) were to write using the responses and technology available to them prior to this study. During the B phases, they used the
2011	Multi-cell battery emulator for advanced battery management system benchmarking	10.1109/isie.2011.5984312		crossref
2011	Using SystemVerilog assertions to relate non-cycle-accurate to cycle-accurate designs	10.1109/hldvt.2011.6114161		crossref
2010	A fast and highly accurate path delay emulation framework for logic-emulation of timing speculation	10.1109/test.2010.5699267		crossref
2010	An Emulator for Executing IA-32 Applications on ARM-Based Systems	10.4304/jcp.5.7.1133-1141		crossref
2010	Device Thrombogenicity Emulator (DTE)--design optimization methodology for cardiovascular devices: a study in two bileaflet MHV designs.			biostudies
2010	Intelligent Design: On the Emulation of Cosmological Simulations	10.1088/0004-637x/728/2/137	1002.1752	arxiv	Simulation design is the choice of locations in parameter space at which simulations are to be run and is the first step in building an emulator capable of quickly providing estimates of simulation results for arbitrary locations in the parameter space. We introduce an alteration to the "OALHS" design used by Heitmann et al. (2006) that reduces the number of simulation runs required to achieve a fixed accuracy in our case study by a factor of two. We also compare interpolation procedures for emu
2009	A Voice-Detecting Sensor and a Scanning Keyboard Emulator to Support Word Writing by Two Boys with Extensive Motor Disabilities			eric	The present study assessed the use of a voice-detecting sensor interfaced with a scanning keyboard emulator to allow two boys with extensive motor disabilities to write. Specifically, the study (a) compared the effects of the voice-detecting sensor with those of a familiar pressure sensor on the boys' writing time, (b) checked which of the sensors the boys preferred, and (c) conducted a social validation assessment of the boys' performance with the two sensors, employing psychology students as r
2009	CAN bus analyzer and emulator	10.1109/idt.2009.5404142		crossref
2009	Development and validation of a SAR wind emulator	10.5281/zenodo.7528259		zenodo	<p>It is realised that the spatial coverage and irregular revisit time of SAR sensors is not adequate for direct use of SAR-retrieved wind in operational weather forecasting or for assimilation into numerical forecast models. Therefore a new way is sought to take benefit from the obvious strength of SAR for high resolution wind speed retrieval. The approach investigated in this study is to develop a transfer function which can prescribe (emulate) a high resolution wind field from a given lower r
2009	Spatial channel emulator for MIMO performance evaluation of mobile terminals	10.1109/apmc.2009.5384205		crossref
2009	The Coyote Universe III: Simulation Suite and Precision Emulator for the Nonlinear Matter Power Spectrum	10.1088/0004-637x/713/2/1322	0912.4490	arxiv	Many of the most exciting questions in astrophysics and cosmology, including the majority of observational probes of dark energy, rely on an understanding of the nonlinear regime of structure formation. In order to fully exploit the information available from this regime and to extract cosmological constraints, accurate theoretical predictions are needed. Currently such predictions can only be obtained from costly, precision numerical simulations. This paper is the third in a series aimed at con
2009	ns-2 Distributed Clients Emulation: Accuracy and Scalability	10.4108/icst.simutools2009.5595		openalex
2008	Empathy and Emulation: Life Satisfaction and the Urban Geography of Comparison Groups	10.3386/w14593		nber	Departures from self-centred, consumption-oriented decision making are increasingly common in economic theory and are well motivated by a wide range of behavioural data from experiments, surveys, and econometric inference. A number of studies have shown large negative externalities in individual
2008	Register File Reliability Analysis Through Cycle-Accurate Thermal Emulation	10.1109/iwia.2008.7		crossref
2007	From Archi Torture to Architecture: Undergraduate Students Design and Implement Computers Using the Multimedia Logic Emulator			eric	Students learn better when they both hear and do. In computer architecture courses "doing" can be difficult in small schools without hardware laboratories hosted by computer engineering, electrical engineering, or similar departments. Software solutions exist. Our success with George Mills' Multimedia Logic (MML) is the focus of this paper. MML provides a graphical computer architecture solution with convenient I/O support and the ability to build and emulate a variety of computer designs. It ha
2007	Ultra fast cycle-accurate compiled emulation of inorder pipelined architectures	10.1016/j.sysarc.2006.11.003		crossref
2006	A Virtual Machine Migration System Based on a CPU Emulator	10.1109/vtdc.2006.2		crossref
2006	A fast HW/SW FPGA-based thermal emulation framework for multi-processor system-on-chip	10.1145/1146909.1147068		openalex
2005	Embedded Processor Validation Environment Using a Cycle-Accurate Retargetable Instruction-Set Simulator	10.1007/s11227-005-0218-y		crossref
2005	Ultra Fast Cycle-Accurate Compiled Emulation of Inorder Pipelined Architectures	10.1007/11512622_24		crossref
2004	6502 emulator on FPGA			semantic-scholar
2004	BCMP Performance Test with TTCN-3 Mobile Node Emulator	10.1007/978-3-540-24704-3_4		crossref
2004	Nintendo Game Boy Advance	10.1016/b978-193183631-9/50012-x		crossref
2003	Experiences Constructing a Lightweight SPARC Interpreter for a Dynamic Binary Translator	10.21236/ada498792		crossref
2000	Emulation as a Digital Preservation Strategy	10.1045/october2000-granger		openalex
1989	On hardware enhanced 80386 software emulation, compiled emulation, a program distribution language, and pack computers	10.1145/71302.71316		crossref
1987	Emulating a Complex Instruction Set Computer with a Reduced Instruction Set Computer	10.1109/mm.1987.304939		crossref
1987	Emulating a complex instruction set computer with a reduced instruction set computer	10.1016/0141-9331(87)90275-4		crossref
1987	IBM LU6.2 emulation software	10.1016/0950-5849(87)90308-9		crossref
1986	A Microcomputer-Controlled T-60 NMR Emulator.			eric	Discusses the problems created by the insufficient number of major data collection and analysis instruments in most college chemistry courses. Suggests the use of less expensive microcomputer-controlled instrument emulators, which resemble the actual instruments. Discusses the application of one such emulator in an instrumental analysis course. (TW)
1984	A Micro-Based Emulator for Online Search Services.			eric	Describes DIALTWIG, a program written in IBM PASCAL and operating on IBM Personal Computer, which is used to emulate features of DIALOG Retrieval System and reduce cost of online training. Structured search assignments are performed on information science database and database reporting student research at Brigham Young University. (4 references) (EJS)
0	A multicore emulator with a profiling infrastructure for transactional memory on FPGA	10.5821/dissertation-2117-104207		crossref	This thesis attempts to bring together two recent topics by presenting a flexible Transactional Memory environment on a multicore prototype that is realized on FPGA fabric. For this, we devise a MIPS-compatible shared-memory multicore emulator with Hybrid Transactional Memory support, based on the Plasma open source soft processor core. We present the design and implementation of the TMbox system, which features an emulation system of up to 16 soft processor cores interconnected with a bi-direct
0	An immunochip architecture and its emulation	10.1109/eh.2002.1029892		crossref
0	Battery emulator operating in a power hardware-in-the-loop simulation	10.12681/eadd/50416		crossref	╬ŻŽä╬Ę╬Į ŽĆ╬▒Žü╬┐ŽŹŽā╬▒ ╬┤╬╣╬▒ŽäŽü╬╣╬▓╬« ŽĆ╬▒Žü╬┐ŽģŽā╬╣╬¼╬Č╬ĄŽä╬▒╬╣ ╬┐ ŽāŽć╬Ą╬┤╬╣╬▒Žā╬╝ŽīŽé ╬║╬▒╬╣ ╬Ę Žģ╬╗╬┐ŽĆ╬┐╬»╬ĘŽā╬Ę ╬Ą╬ĮŽīŽé ╬Ģ╬Š╬┐╬╝╬┐╬╣ŽēŽä╬« ╬£ŽĆ╬▒Žä╬▒Žü╬╣ŽÄ╬Į (Battery Emulator - BE) ŽĆ╬┐Žģ ╬╗╬Ą╬╣Žä╬┐ŽģŽü╬│╬Ą╬» Žā╬Ą ╬Ā╬ĄŽü╬╣╬▓╬¼╬╗╬╗╬┐╬Į ╬ĀŽü╬┐Žā╬┐╬╝╬┐╬»ŽēŽā╬ĘŽé ╬ÖŽāŽćŽŹ╬┐Žé (Power Hardware-in-the-Loop Simulation ŌĆō PHIL) ╬║╬▒╬╣ ╬Ą╬╣Žā╬¼╬│╬ĄŽä╬▒╬╣ ╬Ę ╬╣╬┤╬Ł╬▒ Žä╬┐Žģ ╬ź╬▓Žü╬╣╬┤╬╣╬║╬┐ŽŹ ╬Ģ╬Š╬┐╬╝╬┐╬╣ŽēŽä╬« ╬£ŽĆ╬▒Žä╬▒Žü╬╣ŽÄ╬Į (Hybrid Battery Emulator ŌĆō ╬Ś╬Æ╬Ģ). ╬Ś ╬ŁŽü╬ĄŽģ╬Į╬▒ ╬ĄŽĆ╬╣╬║╬Ą╬ĮŽäŽüŽÄ╬Ė╬Ę╬║╬Ą Žā╬Ą ŽäŽü╬Ą╬╣Žé ╬║ŽŹŽü╬╣╬┐ŽģŽé Žä╬┐╬╝╬Ą╬»Žé: ╬╝╬┐╬ĮŽä╬Ą╬╗╬┐ŽĆ╬┐╬»╬ĘŽā╬Ę ╬╝ŽĆ╬▒Žä╬▒Žü╬»╬▒Žé, ╬▒╬╗╬│ŽīŽü╬╣╬Ė╬╝╬┐╬╣ ŽĆ╬▒Žü╬▒╬║╬┐╬╗╬┐ŽŹ╬Ė╬ĘŽā╬ĘŽé ╬╝ŽĆ╬▒Žä╬▒Žü╬»╬▒Žé ╬║╬▒╬╣ ╬┤╬╣╬ĄŽĆ╬▒Žå╬« ╬╣ŽāŽćŽŹ╬┐Žé Žä╬ĘŽé ŽāŽģŽā╬║╬ĄŽģ╬«Žé ŽĆ╬┐Žģ Žģ╬╗╬┐ŽĆ╬┐╬╣╬Ą╬» Žä╬┐╬Į ╬Ą╬Š╬┐╬╝╬┐╬╣ŽēŽä╬«. ╬ż╬▒ ╬ĄŽģŽü╬«╬╝╬▒Žä╬▒ ╬▒ŽĆŽī Žī╬╗╬┐ŽģŽé Žä╬┐ŽģŽé ╬▒╬ĮŽēŽä╬ŁŽü
0	Certification of an Instruction Set Simulator	10.70675/83115790zefbfz4b0dz994azb8a207b0be3d		crossref	Certification d'un simulateur de jeu d'instructions Cette th├©se expose nos travaux de certification d'une partie d'un programme C/C++ nomm├® SimSoC (Simulation of System on Chip), qui simule le comportement d'architectures bas├®es sur des processeurs tels que ARM, PowerPC, MIPS ou SH4. Un simulateur de System on Chip peut ├¬tre utilis├® pour developper le logiciel d'un syst├©me embarqu├® sp├®cifique, afin de raccourcir les phases des d├®veloppement et de test, en particulier quand la vitesse de simulati
0	Emulation	10.4324/9780203114261.ch4		crossref
0	Emulation	10.1007/978-3-540-33640-2_4		crossref
0	Enhance fuzzing testing with static program analysis	10.14711/thesis-991013061528103412		crossref
0	FPGA-based emulator platform for high-rate tests of the ATLAS ITk-Pixel readout system	10.53846/goediss-12119		crossref
0	Instruction set compiled simulation: a technique for fast and flexible instruction set simulation	10.1109/dac.2003.1219121		crossref
0	Novel techniques for hardware / software partitioning and emulation	10.12681/eadd/32016		crossref	Over the last several years, uniprocessor systems, in an effort to overcome the limits of deeperpipelining, instruction-level parallelism and power dissipation, evolved from one processing coreto tens or hundreds of cores. At the same time, multi-chip systems and Systems on Board (SoB),have started giving their place to Systems on Chip (SoC) that exploit the latest nanometertechnologies. This has also caused a tremendous shift in the system development process towardsembedded systems, hardware/s
0	Porte do jogo Traveling Will para Nintendo Game Boy Advance	10.26512/2018.tcc.21565		crossref
0	System for Video Game Enhancement Using Console Emulator State Information and Scene Recognition	10.23860/thesis-thibeaulty-christopher-2013		crossref
0	The Zboard: cost reduction through software emulation	10.14264/300445		crossref
0	Using an IN-kernel emulator for TPS development and testing	10.1109/autest.2004.1436846		crossref
0	Video for Accurate Emulation of Memristive Crossbar Arrays for In-Memory Computing	10.1109/iscas45731.2020.9181021/video		crossref
